[
    {
      "ID": 1001,
      "NAME": "Bharati",
      "SALARY": 9000,
      "DEPARTMENT": "JAVA",
	  "DOJ":"6/12/2014"
    },
    {
      "ID": 1002,
      "NAME": "Anju",
      "SALARY": 11000,
      "DEPARTMENT": "ORAAPS",
	  "DOJ":"6/12/2017"
    },
    {
      "ID": 1003,
      "NAME": "Uma",
      "SALARY": 12000,
      "DEPARTMENT": "JAVA",
	  "DOJ":"6/12/2010"
    },
    {
       "ID": 1004,
      "NAME": "Yogini",
      "SALARY": 11500,
      "DEPARTMENT": "ORAAPS",
	  "DOJ":"11/12/2017"
    },
    {
       "ID": 1005,
      "NAME": "Tanmay",
      "SALARY": 7000,
      "DEPARTMENT": ".NET",
	  "DOJ":"1/1/2018"
    },
    {
       "ID": 1006,
      "NAME": "Kavita",
      "SALARY": 17000,
      "DEPARTMENT": "BI",
	  "DOJ":"9/12/2012"
    },
    { "ID": 1007,
      "NAME": "Rajita",
      "SALARY": 21000,
      "DEPARTMENT": "BI",
	  "DOJ":"6/7/2014"
    },
    {
       "ID": 1008,
      "NAME": "Neelima",
      "SALARY": 81000,
      "DEPARTMENT": "TESTING",
	  "DOJ":"6/17/2016"
    },
    {
      "ID": 1009,
      "NAME": "Daya",
      "SALARY": 1000,
      "DEPARTMENT": "TESTING",
	  "DOJ":"6/17/2016"
    }
   
    
  ]
